seed,split,variant,macro_f1_label,severity_accuracy,raw_score,competition_points
7000,dev,Ridge_final,1.0,1.0,1.0,39.999999999999986
7000,dev,Ridge_b1,1.0,1.0,1.0,39.999999999999986
7000,dev,Gaussian,0.9910230681254181,0.9649122807017544,0.9844953712695022,36.899074253900416
7000,dev,C_dev,1.0,0.9649122807017544,0.9912280701754386,38.245614035087705
7000,dev,C_sev50,1.0,1.0,1.0,39.999999999999986
7000,dev,C_w50,1.0,0.9649122807017544,0.9912280701754386,38.245614035087705
7000,dev,C_b09,1.0,0.9649122807017544,0.9912280701754386,38.245614035087705
7001,dev,Ridge_final,0.984448951994591,0.9649122807017544,0.9795647841713818,35.91295683427635
7001,dev,Ridge_b1,0.9755293529946792,0.9649122807017544,0.972875084921448,34.5750169842896
7001,dev,Gaussian,1.0,1.0,1.0,39.999999999999986
7001,dev,C_dev,0.984448951994591,1.0,0.9883367139959433,37.66734279918864
7001,dev,C_sev50,0.984448951994591,0.9824561403508771,0.9839507490836625,36.790149816732495
7001,dev,C_w50,0.984448951994591,1.0,0.9883367139959433,37.66734279918864
7001,dev,C_b09,0.984448951994591,1.0,0.9883367139959433,37.66734279918864
7002,dev,Ridge_final,1.0,0.9824561403508771,0.9956140350877193,39.12280701754385
7002,dev,Ridge_b1,1.0,0.9824561403508771,0.9956140350877193,39.12280701754385
7002,dev,Gaussian,1.0,0.9298245614035088,0.9824561403508771,36.49122807017542
7002,dev,C_dev,1.0,0.9649122807017544,0.9912280701754386,38.245614035087705
7002,dev,C_sev50,1.0,0.9824561403508771,0.9956140350877193,39.12280701754385
7002,dev,C_w50,1.0,0.9649122807017544,0.9912280701754386,38.245614035087705
7002,dev,C_b09,1.0,0.9649122807017544,0.9912280701754386,38.245614035087705
7003,dev,Ridge_final,0.9849410744033623,0.9824561403508771,0.984319840890241,36.8639681780482
7003,dev,Ridge_b1,0.9849410744033623,0.9824561403508771,0.984319840890241,36.8639681780482
7003,dev,Gaussian,1.0,0.9824561403508771,0.9956140350877193,39.12280701754385
7003,dev,C_dev,0.9901875901875902,0.9824561403508771,0.9882547277284119,37.650945545682376
7003,dev,C_sev50,0.9901875901875902,1.0,0.9926406926406927,38.52813852813852
7003,dev,C_w50,1.0,0.9824561403508771,0.9956140350877193,39.12280701754385
7003,dev,C_b09,0.9901875901875902,0.9824561403508771,0.9882547277284119,37.650945545682376
7004,dev,Ridge_final,1.0,0.9824561403508771,0.9956140350877193,39.12280701754385
7004,dev,Ridge_b1,1.0,0.9824561403508771,0.9956140350877193,39.12280701754385
7004,dev,Gaussian,1.0,0.9649122807017544,0.9912280701754386,38.245614035087705
7004,dev,C_dev,1.0,0.9824561403508771,0.9956140350877193,39.12280701754385
7004,dev,C_sev50,1.0,0.9824561403508771,0.9956140350877193,39.12280701754385
7004,dev,C_w50,1.0,0.9824561403508771,0.9956140350877193,39.12280701754385
7004,dev,C_b09,1.0,0.9824561403508771,0.9956140350877193,39.12280701754385
7005,dev,Ridge_final,0.9877031181379007,1.0,0.9907773386034255,38.155467720685095
7005,dev,Ridge_b1,0.9877031181379007,1.0,0.9907773386034255,38.155467720685095
7005,dev,Gaussian,1.0,1.0,1.0,39.999999999999986
7005,dev,C_dev,1.0,1.0,1.0,39.999999999999986
7005,dev,C_sev50,1.0,1.0,1.0,39.999999999999986
7005,dev,C_w50,1.0,1.0,1.0,39.999999999999986
7005,dev,C_b09,1.0,1.0,1.0,39.999999999999986
7006,dev,Ridge_final,1.0,1.0,1.0,39.999999999999986
7006,dev,Ridge_b1,0.9910230681254181,1.0,0.9932673010940636,38.653460218812704
7006,dev,Gaussian,1.0,0.9649122807017544,0.9912280701754386,38.245614035087705
7006,dev,C_dev,1.0,0.9649122807017544,0.9912280701754386,38.245614035087705
7006,dev,C_sev50,1.0,1.0,1.0,39.999999999999986
7006,dev,C_w50,1.0,0.9649122807017544,0.9912280701754386,38.245614035087705
7006,dev,C_b09,1.0,0.9649122807017544,0.9912280701754386,38.245614035087705
7007,dev,Ridge_final,1.0,0.9649122807017544,0.9912280701754386,38.245614035087705
7007,dev,Ridge_b1,1.0,0.9649122807017544,0.9912280701754386,38.245614035087705
7007,dev,Gaussian,0.9947444928994744,0.9824561403508771,0.9916724047623251,38.33448095246501
7007,dev,C_dev,1.0,0.9824561403508771,0.9956140350877193,39.12280701754385
7007,dev,C_sev50,1.0,0.9824561403508771,0.9956140350877193,39.12280701754385
7007,dev,C_w50,1.0,0.9824561403508771,0.9956140350877193,39.12280701754385
7007,dev,C_b09,1.0,0.9824561403508771,0.9956140350877193,39.12280701754385
7008,dev,Ridge_final,1.0,1.0,1.0,39.999999999999986
7008,dev,Ridge_b1,1.0,1.0,1.0,39.999999999999986
7008,dev,Gaussian,0.9851455733808675,0.9649122807017544,0.9800872502110892,36.01745004221783
7008,dev,C_dev,1.0,0.9649122807017544,0.9912280701754386,38.245614035087705
7008,dev,C_sev50,1.0,0.9649122807017544,0.9912280701754386,38.245614035087705
7008,dev,C_w50,1.0,0.9649122807017544,0.9912280701754386,38.245614035087705
7008,dev,C_b09,1.0,0.9649122807017544,0.9912280701754386,38.245614035087705
7009,dev,Ridge_final,0.9910230681254181,0.9824561403508771,0.9888813361817829,37.77626723635656
7009,dev,Ridge_b1,0.9910230681254181,0.9824561403508771,0.9888813361817829,37.77626723635656
7009,dev,Gaussian,0.9947444928994744,0.9824561403508771,0.9916724047623251,38.33448095246501
7009,dev,C_dev,1.0,0.9824561403508771,0.9956140350877193,39.12280701754385
7009,dev,C_sev50,1.0,0.9824561403508771,0.9956140350877193,39.12280701754385
7009,dev,C_w50,0.9947444928994744,0.9824561403508771,0.9916724047623251,38.33448095246501
7009,dev,C_b09,0.9910230681254181,0.9824561403508771,0.9888813361817829,37.77626723635656
7010,dev,Ridge_final,0.9877031181379007,0.9824561403508771,0.9863913736911448,37.27827473822895
7010,dev,Ridge_b1,0.9877031181379007,0.9824561403508771,0.9863913736911448,37.27827473822895
7010,dev,Gaussian,0.9947444928994744,1.0,0.9960583696746058,39.21167393492115
7010,dev,C_dev,1.0,1.0,1.0,39.999999999999986
7010,dev,C_sev50,1.0,1.0,1.0,39.999999999999986
7010,dev,C_w50,0.9947444928994744,1.0,0.9960583696746058,39.21167393492115
7010,dev,C_b09,1.0,1.0,1.0,39.999999999999986
7011,dev,Ridge_final,1.0,0.9824561403508771,0.9956140350877193,39.12280701754385
7011,dev,Ridge_b1,0.9910230681254181,0.9824561403508771,0.9888813361817829,37.77626723635656
7011,dev,Gaussian,0.9944191569364733,0.9824561403508771,0.9914284027900743,38.285680558014846
7011,dev,C_dev,0.9947444928994744,1.0,0.9960583696746058,39.21167393492115
7011,dev,C_sev50,0.9947444928994744,1.0,0.9960583696746058,39.21167393492115
7011,dev,C_w50,1.0,1.0,1.0,39.999999999999986
7011,dev,C_b09,1.0,1.0,1.0,39.999999999999986
7012,dev,Ridge_final,0.9851455733808675,1.0,0.9888591800356507,37.77183600713012
7012,dev,Ridge_b1,0.9851455733808675,1.0,0.9888591800356507,37.77183600713012
7012,dev,Gaussian,0.9851455733808675,0.9824561403508771,0.9844732151233699,36.894643024673975
7012,dev,C_dev,0.9851455733808675,0.9824561403508771,0.9844732151233699,36.894643024673975
7012,dev,C_sev50,0.9851455733808675,1.0,0.9888591800356507,37.77183600713012
7012,dev,C_w50,0.9851455733808675,0.9824561403508771,0.9844732151233699,36.894643024673975
7012,dev,C_b09,0.9851455733808675,0.9824561403508771,0.9844732151233699,36.894643024673975
7013,dev,Ridge_final,1.0,1.0,1.0,39.999999999999986
7013,dev,Ridge_b1,1.0,1.0,1.0,39.999999999999986
7013,dev,Gaussian,0.9801871548127247,0.9649122807017544,0.976368436284982,35.273687256996396
7013,dev,C_dev,1.0,1.0,1.0,39.999999999999986
7013,dev,C_sev50,1.0,1.0,1.0,39.999999999999986
7013,dev,C_w50,1.0,1.0,1.0,39.999999999999986
7013,dev,C_b09,0.9851455733808675,1.0,0.9888591800356507,37.77183600713012
7014,dev,Ridge_final,1.0,1.0,1.0,39.999999999999986
7014,dev,Ridge_b1,1.0,1.0,1.0,39.999999999999986
7014,dev,Gaussian,0.9754998551144597,1.0,0.9816248913358447,36.32497826716894
7014,dev,C_dev,1.0,1.0,1.0,39.999999999999986
7014,dev,C_sev50,1.0,1.0,1.0,39.999999999999986
7014,dev,C_w50,1.0,1.0,1.0,39.999999999999986
7014,dev,C_b09,1.0,1.0,1.0,39.999999999999986
7015,dev,Ridge_final,0.9788681089310644,0.9824561403508771,0.9797651167860175,35.95302335720349
7015,dev,Ridge_b1,1.0,1.0,1.0,39.999999999999986
7015,dev,Gaussian,0.9947444928994744,1.0,0.9960583696746058,39.21167393492115
7015,dev,C_dev,1.0,1.0,1.0,39.999999999999986
7015,dev,C_sev50,1.0,1.0,1.0,39.999999999999986
7015,dev,C_w50,1.0,1.0,1.0,39.999999999999986
7015,dev,C_b09,1.0,1.0,1.0,39.999999999999986
7016,dev,Ridge_final,0.9739116626386565,0.9473684210526315,0.9672758522421502,33.455170448430025
7016,dev,Ridge_b1,0.9899915794538674,0.9473684210526315,0.9793357898535584,35.867157970711666
7016,dev,Gaussian,0.9777519871972912,0.9824561403508771,0.9789280254856877,35.78560509713753
7016,dev,C_dev,1.0,0.9824561403508771,0.9956140350877193,39.12280701754385
7016,dev,C_sev50,1.0,1.0,1.0,39.999999999999986
7016,dev,C_w50,1.0,0.9824561403508771,0.9956140350877193,39.12280701754385
7016,dev,C_b09,1.0,0.9824561403508771,0.9956140350877193,39.12280701754385
7017,dev,Ridge_final,1.0,0.9649122807017544,0.9912280701754386,38.245614035087705
7017,dev,Ridge_b1,1.0,0.9649122807017544,0.9912280701754386,38.245614035087705
7017,dev,Gaussian,1.0,1.0,1.0,39.999999999999986
7017,dev,C_dev,1.0,1.0,1.0,39.999999999999986
7017,dev,C_sev50,1.0,0.9824561403508771,0.9956140350877193,39.12280701754385
7017,dev,C_w50,1.0,1.0,1.0,39.999999999999986
7017,dev,C_b09,1.0,1.0,1.0,39.999999999999986
7018,dev,Ridge_final,0.9944191569364733,0.9824561403508771,0.9914284027900743,38.285680558014846
7018,dev,Ridge_b1,0.9944191569364733,0.9824561403508771,0.9914284027900743,38.285680558014846
7018,dev,Gaussian,1.0,0.9824561403508771,0.9956140350877193,39.12280701754385
7018,dev,C_dev,1.0,1.0,1.0,39.999999999999986
7018,dev,C_sev50,1.0,1.0,1.0,39.999999999999986
7018,dev,C_w50,1.0,1.0,1.0,39.999999999999986
7018,dev,C_b09,1.0,1.0,1.0,39.999999999999986
7019,dev,Ridge_final,1.0,1.0,1.0,39.999999999999986
7019,dev,Ridge_b1,1.0,1.0,1.0,39.999999999999986
7019,dev,Gaussian,0.9947444928994744,0.9824561403508771,0.9916724047623251,38.33448095246501
7019,dev,C_dev,1.0,0.9824561403508771,0.9956140350877193,39.12280701754385
7019,dev,C_sev50,1.0,0.9824561403508771,0.9956140350877193,39.12280701754385
7019,dev,C_w50,0.9947444928994744,0.9824561403508771,0.9916724047623251,38.33448095246501
7019,dev,C_b09,1.0,0.9824561403508771,0.9956140350877193,39.12280701754385
7020,dev,Ridge_final,1.0,0.9824561403508771,0.9956140350877193,39.12280701754385
7020,dev,Ridge_b1,1.0,0.9824561403508771,0.9956140350877193,39.12280701754385
7020,dev,Gaussian,1.0,1.0,1.0,39.999999999999986
7020,dev,C_dev,1.0,1.0,1.0,39.999999999999986
7020,dev,C_sev50,1.0,1.0,1.0,39.999999999999986
7020,dev,C_w50,1.0,1.0,1.0,39.999999999999986
7020,dev,C_b09,1.0,1.0,1.0,39.999999999999986
7021,dev,Ridge_final,1.0,1.0,1.0,39.999999999999986
7021,dev,Ridge_b1,1.0,1.0,1.0,39.999999999999986
7021,dev,Gaussian,0.985851726089417,1.0,0.9893887945670627,37.877758913412535
7021,dev,C_dev,1.0,1.0,1.0,39.999999999999986
7021,dev,C_sev50,1.0,1.0,1.0,39.999999999999986
7021,dev,C_w50,1.0,1.0,1.0,39.999999999999986
7021,dev,C_b09,1.0,1.0,1.0,39.999999999999986
7022,dev,Ridge_final,0.9851455733808675,1.0,0.9888591800356507,37.77183600713012
7022,dev,Ridge_b1,1.0,1.0,1.0,39.999999999999986
7022,dev,Gaussian,0.9851455733808675,0.9824561403508771,0.9844732151233699,36.894643024673975
7022,dev,C_dev,0.9851455733808675,0.9824561403508771,0.9844732151233699,36.894643024673975
7022,dev,C_sev50,0.9851455733808675,1.0,0.9888591800356507,37.77183600713012
7022,dev,C_w50,0.9851455733808675,0.9824561403508771,0.9844732151233699,36.894643024673975
7022,dev,C_b09,0.9851455733808675,0.9824561403508771,0.9844732151233699,36.894643024673975
7023,dev,Ridge_final,1.0,1.0,1.0,39.999999999999986
7023,dev,Ridge_b1,1.0,1.0,1.0,39.999999999999986
7023,dev,Gaussian,0.9754998551144597,1.0,0.9816248913358447,36.32497826716894
7023,dev,C_dev,1.0,1.0,1.0,39.999999999999986
7023,dev,C_sev50,1.0,1.0,1.0,39.999999999999986
7023,dev,C_w50,1.0,1.0,1.0,39.999999999999986
7023,dev,C_b09,1.0,1.0,1.0,39.999999999999986
7024,dev,Ridge_final,1.0,1.0,1.0,39.999999999999986
7024,dev,Ridge_b1,1.0,1.0,1.0,39.999999999999986
7024,dev,Gaussian,1.0,0.9824561403508771,0.9956140350877193,39.12280701754385
7024,dev,C_dev,1.0,0.9824561403508771,0.9956140350877193,39.12280701754385
7024,dev,C_sev50,1.0,0.9824561403508771,0.9956140350877193,39.12280701754385
7024,dev,C_w50,1.0,0.9824561403508771,0.9956140350877193,39.12280701754385
7024,dev,C_b09,1.0,0.9824561403508771,0.9956140350877193,39.12280701754385
7025,dev,Ridge_final,1.0,0.9649122807017544,0.9912280701754386,38.245614035087705
7025,dev,Ridge_b1,1.0,0.9649122807017544,0.9912280701754386,38.245614035087705
7025,dev,Gaussian,0.9851455733808675,0.9649122807017544,0.9800872502110892,36.01745004221783
7025,dev,C_dev,1.0,0.9649122807017544,0.9912280701754386,38.245614035087705
7025,dev,C_sev50,1.0,0.9649122807017544,0.9912280701754386,38.245614035087705
7025,dev,C_w50,1.0,0.9649122807017544,0.9912280701754386,38.245614035087705
7025,dev,C_b09,1.0,0.9649122807017544,0.9912280701754386,38.245614035087705
7026,dev,Ridge_final,1.0,0.9649122807017544,0.9912280701754386,38.245614035087705
7026,dev,Ridge_b1,1.0,0.9649122807017544,0.9912280701754386,38.245614035087705
7026,dev,Gaussian,0.9899915794538674,0.9473684210526315,0.9793357898535584,35.867157970711666
7026,dev,C_dev,1.0,0.9649122807017544,0.9912280701754386,38.245614035087705
7026,dev,C_sev50,1.0,0.9824561403508771,0.9956140350877193,39.12280701754385
7026,dev,C_w50,1.0,0.9649122807017544,0.9912280701754386,38.245614035087705
7026,dev,C_b09,1.0,0.9649122807017544,0.9912280701754386,38.245614035087705
7027,dev,Ridge_final,1.0,0.9824561403508771,0.9956140350877193,39.12280701754385
7027,dev,Ridge_b1,1.0,0.9824561403508771,0.9956140350877193,39.12280701754385
7027,dev,Gaussian,1.0,0.9473684210526315,0.9868421052631579,37.36842105263156
7027,dev,C_dev,1.0,0.9649122807017544,0.9912280701754386,38.245614035087705
7027,dev,C_sev50,1.0,0.9824561403508771,0.9956140350877193,39.12280701754385
7027,dev,C_w50,1.0,0.9649122807017544,0.9912280701754386,38.245614035087705
7027,dev,C_b09,1.0,0.9649122807017544,0.9912280701754386,38.245614035087705
7028,dev,Ridge_final,0.96836903517938,0.9824561403508771,0.9718908114722543,34.37816229445085
7028,dev,Ridge_b1,0.984448951994591,0.9824561403508771,0.9839507490836625,36.790149816732495
7028,dev,Gaussian,0.9947444928994744,1.0,0.9960583696746058,39.21167393492115
7028,dev,C_dev,0.984448951994591,1.0,0.9883367139959433,37.66734279918864
7028,dev,C_sev50,0.984448951994591,0.9824561403508771,0.9839507490836625,36.790149816732495
7028,dev,C_w50,0.984448951994591,1.0,0.9883367139959433,37.66734279918864
7028,dev,C_b09,0.984448951994591,1.0,0.9883367139959433,37.66734279918864
7029,dev,Ridge_final,1.0,1.0,1.0,39.999999999999986
7029,dev,Ridge_b1,1.0,1.0,1.0,39.999999999999986
7029,dev,Gaussian,1.0,0.9824561403508771,0.9956140350877193,39.12280701754385
7029,dev,C_dev,1.0,0.9824561403508771,0.9956140350877193,39.12280701754385
7029,dev,C_sev50,1.0,0.9824561403508771,0.9956140350877193,39.12280701754385
7029,dev,C_w50,1.0,0.9824561403508771,0.9956140350877193,39.12280701754385
7029,dev,C_b09,1.0,0.9824561403508771,0.9956140350877193,39.12280701754385
7030,hold,Ridge_final,1.0,0.9298245614035088,0.9824561403508771,36.49122807017542
7030,hold,Ridge_b1,1.0,0.9298245614035088,0.9824561403508771,36.49122807017542
7030,hold,Gaussian,0.9947444928994744,0.9824561403508771,0.9916724047623251,38.33448095246501
7030,hold,C_dev,1.0,0.9824561403508771,0.9956140350877193,39.12280701754385
7030,hold,C_sev50,1.0,0.9824561403508771,0.9956140350877193,39.12280701754385
7030,hold,C_w50,0.9947444928994744,0.9824561403508771,0.9916724047623251,38.33448095246501
7030,hold,C_b09,0.9947444928994744,0.9824561403508771,0.9916724047623251,38.33448095246501
7031,hold,Ridge_final,0.9910230681254181,1.0,0.9932673010940636,38.653460218812704
7031,hold,Ridge_b1,0.9910230681254181,1.0,0.9932673010940636,38.653460218812704
7031,hold,Gaussian,0.9910230681254181,1.0,0.9932673010940636,38.653460218812704
7031,hold,C_dev,0.9910230681254181,1.0,0.9932673010940636,38.653460218812704
7031,hold,C_sev50,0.9910230681254181,1.0,0.9932673010940636,38.653460218812704
7031,hold,C_w50,0.9910230681254181,1.0,0.9932673010940636,38.653460218812704
7031,hold,C_b09,0.9910230681254181,1.0,0.9932673010940636,38.653460218812704
7032,hold,Ridge_final,0.9851455733808675,0.9649122807017544,0.9800872502110892,36.01745004221783
7032,hold,Ridge_b1,0.9851455733808675,0.9649122807017544,0.9800872502110892,36.01745004221783
7032,hold,Gaussian,0.9947444928994744,0.9824561403508771,0.9916724047623251,38.33448095246501
7032,hold,C_dev,1.0,0.9824561403508771,0.9956140350877193,39.12280701754385
7032,hold,C_sev50,1.0,0.9824561403508771,0.9956140350877193,39.12280701754385
7032,hold,C_w50,1.0,0.9824561403508771,0.9956140350877193,39.12280701754385
7032,hold,C_b09,1.0,0.9824561403508771,0.9956140350877193,39.12280701754385
7033,hold,Ridge_final,0.9851455733808675,0.9824561403508771,0.9844732151233699,36.894643024673975
7033,hold,Ridge_b1,1.0,0.9824561403508771,0.9956140350877193,39.12280701754385
7033,hold,Gaussian,1.0,0.9824561403508771,0.9956140350877193,39.12280701754385
7033,hold,C_dev,1.0,0.9824561403508771,0.9956140350877193,39.12280701754385
7033,hold,C_sev50,1.0,0.9824561403508771,0.9956140350877193,39.12280701754385
7033,hold,C_w50,1.0,0.9824561403508771,0.9956140350877193,39.12280701754385
7033,hold,C_b09,1.0,0.9824561403508771,0.9956140350877193,39.12280701754385
7034,hold,Ridge_final,1.0,1.0,1.0,39.999999999999986
7034,hold,Ridge_b1,0.9851455733808675,1.0,0.9888591800356507,37.77183600713012
7034,hold,Gaussian,0.9947444928994744,0.9824561403508771,0.9916724047623251,38.33448095246501
7034,hold,C_dev,1.0,1.0,1.0,39.999999999999986
7034,hold,C_sev50,1.0,1.0,1.0,39.999999999999986
7034,hold,C_w50,1.0,1.0,1.0,39.999999999999986
7034,hold,C_b09,1.0,1.0,1.0,39.999999999999986
7035,hold,Ridge_final,0.9839816933638444,0.9824561403508771,0.9836003051106026,36.720061022120504
7035,hold,Ridge_b1,0.9839816933638444,0.9824561403508771,0.9836003051106026,36.720061022120504
7035,hold,Gaussian,1.0,1.0,1.0,39.999999999999986
7035,hold,C_dev,1.0,1.0,1.0,39.999999999999986
7035,hold,C_sev50,1.0,1.0,1.0,39.999999999999986
7035,hold,C_w50,1.0,1.0,1.0,39.999999999999986
7035,hold,C_b09,1.0,1.0,1.0,39.999999999999986
7036,hold,Ridge_final,0.9870064967516242,0.9649122807017544,0.9814829427391567,36.29658854783133
7036,hold,Ridge_b1,0.9870064967516242,0.9649122807017544,0.9814829427391567,36.29658854783133
7036,hold,Gaussian,0.9947444928994744,0.9824561403508771,0.9916724047623251,38.33448095246501
7036,hold,C_dev,0.9870064967516242,0.9649122807017544,0.9814829427391567,36.29658854783133
7036,hold,C_sev50,0.9870064967516242,0.9649122807017544,0.9814829427391567,36.29658854783133
7036,hold,C_w50,0.9870064967516242,0.9649122807017544,0.9814829427391567,36.29658854783133
7036,hold,C_b09,0.9870064967516242,0.9649122807017544,0.9814829427391567,36.29658854783133
7037,hold,Ridge_final,1.0,1.0,1.0,39.999999999999986
7037,hold,Ridge_b1,1.0,1.0,1.0,39.999999999999986
7037,hold,Gaussian,0.9910230681254181,0.9824561403508771,0.9888813361817829,37.77626723635656
7037,hold,C_dev,1.0,0.9824561403508771,0.9956140350877193,39.12280701754385
7037,hold,C_sev50,1.0,1.0,1.0,39.999999999999986
7037,hold,C_w50,1.0,0.9824561403508771,0.9956140350877193,39.12280701754385
7037,hold,C_b09,1.0,0.9824561403508771,0.9956140350877193,39.12280701754385
7038,hold,Ridge_final,0.9944191569364733,0.9649122807017544,0.9870424378777936,37.4084875755587
7038,hold,Ridge_b1,0.9944191569364733,0.9649122807017544,0.9870424378777936,37.4084875755587
7038,hold,Gaussian,1.0,0.9824561403508771,0.9956140350877193,39.12280701754385
7038,hold,C_dev,0.9944191569364733,0.9649122807017544,0.9870424378777936,37.4084875755587
7038,hold,C_sev50,0.9944191569364733,0.9649122807017544,0.9870424378777936,37.4084875755587
7038,hold,C_w50,1.0,0.9824561403508771,0.9956140350877193,39.12280701754385
7038,hold,C_b09,1.0,0.9824561403508771,0.9956140350877193,39.12280701754385
7039,hold,Ridge_final,1.0,0.9824561403508771,0.9956140350877193,39.12280701754385
7039,hold,Ridge_b1,1.0,0.9824561403508771,0.9956140350877193,39.12280701754385
7039,hold,Gaussian,0.9857670560937347,1.0,0.9893252920703011,37.8650584140602
7039,hold,C_dev,1.0,1.0,1.0,39.999999999999986
7039,hold,C_sev50,1.0,1.0,1.0,39.999999999999986
7039,hold,C_w50,1.0,1.0,1.0,39.999999999999986
7039,hold,C_b09,1.0,1.0,1.0,39.999999999999986
7040,hold,Ridge_final,0.984448951994591,0.9824561403508771,0.9839507490836625,36.790149816732495
7040,hold,Ridge_b1,0.984448951994591,0.9824561403508771,0.9839507490836625,36.790149816732495
7040,hold,Gaussian,1.0,0.9824561403508771,0.9956140350877193,39.12280701754385
7040,hold,C_dev,0.984448951994591,0.9824561403508771,0.9839507490836625,36.790149816732495
7040,hold,C_sev50,0.984448951994591,0.9824561403508771,0.9839507490836625,36.790149816732495
7040,hold,C_w50,0.984448951994591,0.9824561403508771,0.9839507490836625,36.790149816732495
7040,hold,C_b09,0.984448951994591,0.9824561403508771,0.9839507490836625,36.790149816732495
7041,hold,Ridge_final,1.0,1.0,1.0,39.999999999999986
7041,hold,Ridge_b1,1.0,1.0,1.0,39.999999999999986
7041,hold,Gaussian,1.0,1.0,1.0,39.999999999999986
7041,hold,C_dev,1.0,1.0,1.0,39.999999999999986
7041,hold,C_sev50,1.0,1.0,1.0,39.999999999999986
7041,hold,C_w50,1.0,1.0,1.0,39.999999999999986
7041,hold,C_b09,1.0,1.0,1.0,39.999999999999986
7042,hold,Ridge_final,1.0,0.9824561403508771,0.9956140350877193,39.12280701754385
7042,hold,Ridge_b1,1.0,0.9824561403508771,0.9956140350877193,39.12280701754385
7042,hold,Gaussian,1.0,1.0,1.0,39.999999999999986
7042,hold,C_dev,1.0,1.0,1.0,39.999999999999986
7042,hold,C_sev50,1.0,1.0,1.0,39.999999999999986
7042,hold,C_w50,1.0,1.0,1.0,39.999999999999986
7042,hold,C_b09,1.0,1.0,1.0,39.999999999999986
7043,hold,Ridge_final,1.0,0.9824561403508771,0.9956140350877193,39.12280701754385
7043,hold,Ridge_b1,1.0,0.9824561403508771,0.9956140350877193,39.12280701754385
7043,hold,Gaussian,0.9897855694001739,0.9649122807017544,0.983567247225569,36.71344944511379
7043,hold,C_dev,1.0,0.9649122807017544,0.9912280701754386,38.245614035087705
7043,hold,C_sev50,1.0,1.0,1.0,39.999999999999986
7043,hold,C_w50,1.0,0.9649122807017544,0.9912280701754386,38.245614035087705
7043,hold,C_b09,1.0,0.9649122807017544,0.9912280701754386,38.245614035087705
7044,hold,Ridge_final,1.0,0.9824561403508771,0.9956140350877193,39.12280701754385
7044,hold,Ridge_b1,1.0,0.9824561403508771,0.9956140350877193,39.12280701754385
7044,hold,Gaussian,0.9947444928994744,0.9824561403508771,0.9916724047623251,38.33448095246501
7044,hold,C_dev,1.0,0.9824561403508771,0.9956140350877193,39.12280701754385
7044,hold,C_sev50,1.0,0.9824561403508771,0.9956140350877193,39.12280701754385
7044,hold,C_w50,0.9947444928994744,0.9824561403508771,0.9916724047623251,38.33448095246501
7044,hold,C_b09,0.9947444928994744,0.9824561403508771,0.9916724047623251,38.33448095246501
7045,hold,Ridge_final,1.0,0.9649122807017544,0.9912280701754386,38.245614035087705
7045,hold,Ridge_b1,1.0,0.9649122807017544,0.9912280701754386,38.245614035087705
7045,hold,Gaussian,0.9899915794538674,0.9649122807017544,0.9837217547658391,36.74435095316781
7045,hold,C_dev,1.0,0.9824561403508771,0.9956140350877193,39.12280701754385
7045,hold,C_sev50,1.0,1.0,1.0,39.999999999999986
7045,hold,C_w50,1.0,0.9824561403508771,0.9956140350877193,39.12280701754385
7045,hold,C_b09,1.0,0.9824561403508771,0.9956140350877193,39.12280701754385
7046,hold,Ridge_final,1.0,1.0,1.0,39.999999999999986
7046,hold,Ridge_b1,1.0,1.0,1.0,39.999999999999986
7046,hold,Gaussian,0.9947444928994744,1.0,0.9960583696746058,39.21167393492115
7046,hold,C_dev,1.0,1.0,1.0,39.999999999999986
7046,hold,C_sev50,1.0,1.0,1.0,39.999999999999986
7046,hold,C_w50,1.0,1.0,1.0,39.999999999999986
7046,hold,C_b09,1.0,1.0,1.0,39.999999999999986
7047,hold,Ridge_final,1.0,0.9649122807017544,0.9912280701754386,38.245614035087705
7047,hold,Ridge_b1,1.0,0.9649122807017544,0.9912280701754386,38.245614035087705
7047,hold,Gaussian,0.9851455733808675,0.9649122807017544,0.9800872502110892,36.01745004221783
7047,hold,C_dev,1.0,0.9649122807017544,0.9912280701754386,38.245614035087705
7047,hold,C_sev50,1.0,0.9649122807017544,0.9912280701754386,38.245614035087705
7047,hold,C_w50,1.0,0.9649122807017544,0.9912280701754386,38.245614035087705
7047,hold,C_b09,1.0,0.9649122807017544,0.9912280701754386,38.245614035087705
7048,hold,Ridge_final,1.0,0.9649122807017544,0.9912280701754386,38.245614035087705
7048,hold,Ridge_b1,1.0,0.9649122807017544,0.9912280701754386,38.245614035087705
7048,hold,Gaussian,0.9769980762054916,0.9824561403508771,0.978362592241838,35.67251844836758
7048,hold,C_dev,0.9899915794538674,0.9824561403508771,0.9881077196781198,37.621543935623954
7048,hold,C_sev50,0.9899915794538674,0.9824561403508771,0.9881077196781198,37.621543935623954
7048,hold,C_w50,1.0,1.0,1.0,39.999999999999986
7048,hold,C_b09,1.0,1.0,1.0,39.999999999999986
7049,hold,Ridge_final,1.0,1.0,1.0,39.999999999999986
7049,hold,Ridge_b1,1.0,1.0,1.0,39.999999999999986
7049,hold,Gaussian,0.9947444928994744,0.9824561403508771,0.9916724047623251,38.33448095246501
7049,hold,C_dev,1.0,0.9824561403508771,0.9956140350877193,39.12280701754385
7049,hold,C_sev50,1.0,1.0,1.0,39.999999999999986
7049,hold,C_w50,1.0,0.9824561403508771,0.9956140350877193,39.12280701754385
7049,hold,C_b09,1.0,0.9824561403508771,0.9956140350877193,39.12280701754385
7050,hold,Ridge_final,1.0,0.9824561403508771,0.9956140350877193,39.12280701754385
7050,hold,Ridge_b1,1.0,0.9824561403508771,0.9956140350877193,39.12280701754385
7050,hold,Gaussian,1.0,1.0,1.0,39.999999999999986
7050,hold,C_dev,1.0,1.0,1.0,39.999999999999986
7050,hold,C_sev50,1.0,1.0,1.0,39.999999999999986
7050,hold,C_w50,1.0,1.0,1.0,39.999999999999986
7050,hold,C_b09,1.0,1.0,1.0,39.999999999999986
7051,hold,Ridge_final,1.0,0.9649122807017544,0.9912280701754386,38.245614035087705
7051,hold,Ridge_b1,1.0,0.9649122807017544,0.9912280701754386,38.245614035087705
7051,hold,Gaussian,1.0,0.9649122807017544,0.9912280701754386,38.245614035087705
7051,hold,C_dev,1.0,0.9649122807017544,0.9912280701754386,38.245614035087705
7051,hold,C_sev50,1.0,0.9824561403508771,0.9956140350877193,39.12280701754385
7051,hold,C_w50,1.0,0.9649122807017544,0.9912280701754386,38.245614035087705
7051,hold,C_b09,1.0,0.9649122807017544,0.9912280701754386,38.245614035087705
7052,hold,Ridge_final,1.0,1.0,1.0,39.999999999999986
7052,hold,Ridge_b1,1.0,1.0,1.0,39.999999999999986
7052,hold,Gaussian,0.9947444928994744,0.9824561403508771,0.9916724047623251,38.33448095246501
7052,hold,C_dev,1.0,1.0,1.0,39.999999999999986
7052,hold,C_sev50,1.0,1.0,1.0,39.999999999999986
7052,hold,C_w50,1.0,1.0,1.0,39.999999999999986
7052,hold,C_b09,1.0,1.0,1.0,39.999999999999986
7053,hold,Ridge_final,1.0,0.9824561403508771,0.9956140350877193,39.12280701754385
7053,hold,Ridge_b1,1.0,0.9824561403508771,0.9956140350877193,39.12280701754385
7053,hold,Gaussian,1.0,0.9824561403508771,0.9956140350877193,39.12280701754385
7053,hold,C_dev,1.0,1.0,1.0,39.999999999999986
7053,hold,C_sev50,1.0,0.9824561403508771,0.9956140350877193,39.12280701754385
7053,hold,C_w50,1.0,1.0,1.0,39.999999999999986
7053,hold,C_b09,1.0,1.0,1.0,39.999999999999986
7054,hold,Ridge_final,1.0,1.0,1.0,39.999999999999986
7054,hold,Ridge_b1,1.0,1.0,1.0,39.999999999999986
7054,hold,Gaussian,1.0,1.0,1.0,39.999999999999986
7054,hold,C_dev,1.0,1.0,1.0,39.999999999999986
7054,hold,C_sev50,1.0,1.0,1.0,39.999999999999986
7054,hold,C_w50,1.0,1.0,1.0,39.999999999999986
7054,hold,C_b09,1.0,1.0,1.0,39.999999999999986
7055,hold,Ridge_final,0.984448951994591,0.9824561403508771,0.9839507490836625,36.790149816732495
7055,hold,Ridge_b1,0.984448951994591,0.9824561403508771,0.9839507490836625,36.790149816732495
7055,hold,Gaussian,1.0,1.0,1.0,39.999999999999986
7055,hold,C_dev,0.984448951994591,1.0,0.9883367139959433,37.66734279918864
7055,hold,C_sev50,0.984448951994591,1.0,0.9883367139959433,37.66734279918864
7055,hold,C_w50,1.0,1.0,1.0,39.999999999999986
7055,hold,C_b09,1.0,1.0,1.0,39.999999999999986
7056,hold,Ridge_final,1.0,1.0,1.0,39.999999999999986
7056,hold,Ridge_b1,1.0,1.0,1.0,39.999999999999986
7056,hold,Gaussian,0.9808076257954671,0.9473684210526315,0.9724478246097582,34.48956492195163
7056,hold,C_dev,1.0,0.9649122807017544,0.9912280701754386,38.245614035087705
7056,hold,C_sev50,1.0,1.0,1.0,39.999999999999986
7056,hold,C_w50,0.9947444928994744,0.9649122807017544,0.9872864398500444,37.45728797000886
7056,hold,C_b09,1.0,0.9649122807017544,0.9912280701754386,38.245614035087705
7057,hold,Ridge_final,0.9901875901875902,1.0,0.9926406926406927,38.52813852813852
7057,hold,Ridge_b1,0.9901875901875902,1.0,0.9926406926406927,38.52813852813852
7057,hold,Gaussian,0.9910230681254181,1.0,0.9932673010940636,38.653460218812704
7057,hold,C_dev,0.9910230681254181,1.0,0.9932673010940636,38.653460218812704
7057,hold,C_sev50,0.9910230681254181,1.0,0.9932673010940636,38.653460218812704
7057,hold,C_w50,0.9910230681254181,1.0,0.9932673010940636,38.653460218812704
7057,hold,C_b09,0.9910230681254181,1.0,0.9932673010940636,38.653460218812704
7058,hold,Ridge_final,1.0,0.9649122807017544,0.9912280701754386,38.245614035087705
7058,hold,Ridge_b1,1.0,0.9649122807017544,0.9912280701754386,38.245614035087705
7058,hold,Gaussian,1.0,0.9824561403508771,0.9956140350877193,39.12280701754385
7058,hold,C_dev,1.0,0.9649122807017544,0.9912280701754386,38.245614035087705
7058,hold,C_sev50,1.0,0.9649122807017544,0.9912280701754386,38.245614035087705
7058,hold,C_w50,1.0,0.9649122807017544,0.9912280701754386,38.245614035087705
7058,hold,C_b09,1.0,0.9649122807017544,0.9912280701754386,38.245614035087705
7059,hold,Ridge_final,1.0,0.9824561403508771,0.9956140350877193,39.12280701754385
7059,hold,Ridge_b1,1.0,0.9824561403508771,0.9956140350877193,39.12280701754385
7059,hold,Gaussian,1.0,0.9649122807017544,0.9912280701754386,38.245614035087705
7059,hold,C_dev,1.0,0.9824561403508771,0.9956140350877193,39.12280701754385
7059,hold,C_sev50,1.0,1.0,1.0,39.999999999999986
7059,hold,C_w50,1.0,0.9824561403508771,0.9956140350877193,39.12280701754385
7059,hold,C_b09,1.0,0.9824561403508771,0.9956140350877193,39.12280701754385
7060,hold,Ridge_final,1.0,0.9649122807017544,0.9912280701754386,38.245614035087705
7060,hold,Ridge_b1,1.0,0.9649122807017544,0.9912280701754386,38.245614035087705
7060,hold,Gaussian,0.9851455733808675,0.9649122807017544,0.9800872502110892,36.01745004221783
7060,hold,C_dev,1.0,0.9649122807017544,0.9912280701754386,38.245614035087705
7060,hold,C_sev50,1.0,1.0,1.0,39.999999999999986
7060,hold,C_w50,1.0,0.9649122807017544,0.9912280701754386,38.245614035087705
7060,hold,C_b09,1.0,0.9649122807017544,0.9912280701754386,38.245614035087705
7061,hold,Ridge_final,1.0,1.0,1.0,39.999999999999986
7061,hold,Ridge_b1,0.9947444928994744,1.0,0.9960583696746058,39.21167393492115
7061,hold,Gaussian,1.0,0.9649122807017544,0.9912280701754386,38.245614035087705
7061,hold,C_dev,1.0,0.9649122807017544,0.9912280701754386,38.245614035087705
7061,hold,C_sev50,1.0,1.0,1.0,39.999999999999986
7061,hold,C_w50,1.0,0.9649122807017544,0.9912280701754386,38.245614035087705
7061,hold,C_b09,1.0,0.9649122807017544,0.9912280701754386,38.245614035087705
7062,hold,Ridge_final,1.0,1.0,1.0,39.999999999999986
7062,hold,Ridge_b1,1.0,1.0,1.0,39.999999999999986
7062,hold,Gaussian,1.0,0.9649122807017544,0.9912280701754386,38.245614035087705
7062,hold,C_dev,1.0,0.9824561403508771,0.9956140350877193,39.12280701754385
7062,hold,C_sev50,1.0,1.0,1.0,39.999999999999986
7062,hold,C_w50,1.0,0.9824561403508771,0.9956140350877193,39.12280701754385
7062,hold,C_b09,1.0,0.9824561403508771,0.9956140350877193,39.12280701754385
7063,hold,Ridge_final,1.0,0.9649122807017544,0.9912280701754386,38.245614035087705
7063,hold,Ridge_b1,1.0,0.9649122807017544,0.9912280701754386,38.245614035087705
7063,hold,Gaussian,0.9947444928994744,0.9824561403508771,0.9916724047623251,38.33448095246501
7063,hold,C_dev,1.0,0.9824561403508771,0.9956140350877193,39.12280701754385
7063,hold,C_sev50,1.0,0.9649122807017544,0.9912280701754386,38.245614035087705
7063,hold,C_w50,1.0,0.9824561403508771,0.9956140350877193,39.12280701754385
7063,hold,C_b09,1.0,0.9824561403508771,0.9956140350877193,39.12280701754385
7064,hold,Ridge_final,1.0,0.9649122807017544,0.9912280701754386,38.245614035087705
7064,hold,Ridge_b1,0.9910230681254181,0.9649122807017544,0.9844953712695022,36.899074253900416
7064,hold,Gaussian,1.0,0.9824561403508771,0.9956140350877193,39.12280701754385
7064,hold,C_dev,1.0,1.0,1.0,39.999999999999986
7064,hold,C_sev50,1.0,1.0,1.0,39.999999999999986
7064,hold,C_w50,1.0,1.0,1.0,39.999999999999986
7064,hold,C_b09,1.0,1.0,1.0,39.999999999999986
7065,hold,Ridge_final,0.9851455733808675,1.0,0.9888591800356507,37.77183600713012
7065,hold,Ridge_b1,0.9851455733808675,1.0,0.9888591800356507,37.77183600713012
7065,hold,Gaussian,1.0,0.9824561403508771,0.9956140350877193,39.12280701754385
7065,hold,C_dev,0.9851455733808675,0.9824561403508771,0.9844732151233699,36.894643024673975
7065,hold,C_sev50,0.9851455733808675,0.9824561403508771,0.9844732151233699,36.894643024673975
7065,hold,C_w50,1.0,0.9824561403508771,0.9956140350877193,39.12280701754385
7065,hold,C_b09,1.0,0.9824561403508771,0.9956140350877193,39.12280701754385
7066,hold,Ridge_final,1.0,0.9824561403508771,0.9956140350877193,39.12280701754385
7066,hold,Ridge_b1,1.0,0.9824561403508771,0.9956140350877193,39.12280701754385
7066,hold,Gaussian,0.984448951994591,0.9473684210526315,0.9751788192591011,35.03576385182021
7066,hold,C_dev,1.0,0.9649122807017544,0.9912280701754386,38.245614035087705
7066,hold,C_sev50,1.0,0.9824561403508771,0.9956140350877193,39.12280701754385
7066,hold,C_w50,1.0,0.9649122807017544,0.9912280701754386,38.245614035087705
7066,hold,C_b09,1.0,0.9649122807017544,0.9912280701754386,38.245614035087705
7067,hold,Ridge_final,0.9910230681254181,1.0,0.9932673010940636,38.653460218812704
7067,hold,Ridge_b1,0.9910230681254181,1.0,0.9932673010940636,38.653460218812704
7067,hold,Gaussian,1.0,1.0,1.0,39.999999999999986
7067,hold,C_dev,1.0,1.0,1.0,39.999999999999986
7067,hold,C_sev50,1.0,1.0,1.0,39.999999999999986
7067,hold,C_w50,1.0,1.0,1.0,39.999999999999986
7067,hold,C_b09,1.0,1.0,1.0,39.999999999999986
7068,hold,Ridge_final,0.9944191569364733,0.9473684210526315,0.9826564729655128,36.53129459310256
7068,hold,Ridge_b1,0.9944191569364733,0.9473684210526315,0.9826564729655128,36.53129459310256
7068,hold,Gaussian,0.9944191569364733,0.9649122807017544,0.9870424378777936,37.4084875755587
7068,hold,C_dev,0.9944191569364733,0.9649122807017544,0.9870424378777936,37.4084875755587
7068,hold,C_sev50,0.9944191569364733,0.9649122807017544,0.9870424378777936,37.4084875755587
7068,hold,C_w50,0.9944191569364733,0.9649122807017544,0.9870424378777936,37.4084875755587
7068,hold,C_b09,0.9944191569364733,0.9649122807017544,0.9870424378777936,37.4084875755587
7069,hold,Ridge_final,1.0,0.9824561403508771,0.9956140350877193,39.12280701754385
7069,hold,Ridge_b1,1.0,0.9824561403508771,0.9956140350877193,39.12280701754385
7069,hold,Gaussian,0.9947444928994744,1.0,0.9960583696746058,39.21167393492115
7069,hold,C_dev,1.0,1.0,1.0,39.999999999999986
7069,hold,C_sev50,1.0,1.0,1.0,39.999999999999986
7069,hold,C_w50,1.0,1.0,1.0,39.999999999999986
7069,hold,C_b09,1.0,1.0,1.0,39.999999999999986
7070,hold,Ridge_final,0.9851455733808675,1.0,0.9888591800356507,37.77183600713012
7070,hold,Ridge_b1,0.9851455733808675,1.0,0.9888591800356507,37.77183600713012
7070,hold,Gaussian,1.0,1.0,1.0,39.999999999999986
7070,hold,C_dev,1.0,1.0,1.0,39.999999999999986
7070,hold,C_sev50,1.0,1.0,1.0,39.999999999999986
7070,hold,C_w50,1.0,1.0,1.0,39.999999999999986
7070,hold,C_b09,1.0,1.0,1.0,39.999999999999986
7071,hold,Ridge_final,1.0,0.9824561403508771,0.9956140350877193,39.12280701754385
7071,hold,Ridge_b1,0.9910230681254181,0.9824561403508771,0.9888813361817829,37.77626723635656
7071,hold,Gaussian,1.0,1.0,1.0,39.999999999999986
7071,hold,C_dev,1.0,1.0,1.0,39.999999999999986
7071,hold,C_sev50,1.0,1.0,1.0,39.999999999999986
7071,hold,C_w50,1.0,1.0,1.0,39.999999999999986
7071,hold,C_b09,1.0,1.0,1.0,39.999999999999986
7072,hold,Ridge_final,0.9788681089310644,0.9473684210526315,0.9709931869614561,34.198637392291204
7072,hold,Ridge_b1,0.9788681089310644,0.9473684210526315,0.9709931869614561,34.198637392291204
7072,hold,Gaussian,0.9910230681254181,1.0,0.9932673010940636,38.653460218812704
7072,hold,C_dev,0.984448951994591,1.0,0.9883367139959433,37.66734279918864
7072,hold,C_sev50,0.984448951994591,0.9824561403508771,0.9839507490836625,36.790149816732495
7072,hold,C_w50,1.0,1.0,1.0,39.999999999999986
7072,hold,C_b09,0.984448951994591,1.0,0.9883367139959433,37.66734279918864
7073,hold,Ridge_final,1.0,1.0,1.0,39.999999999999986
7073,hold,Ridge_b1,0.9851455733808675,1.0,0.9888591800356507,37.77183600713012
7073,hold,Gaussian,0.9851455733808675,1.0,0.9888591800356507,37.77183600713012
7073,hold,C_dev,1.0,1.0,1.0,39.999999999999986
7073,hold,C_sev50,1.0,1.0,1.0,39.999999999999986
7073,hold,C_w50,1.0,1.0,1.0,39.999999999999986
7073,hold,C_b09,1.0,1.0,1.0,39.999999999999986
7074,hold,Ridge_final,1.0,0.9649122807017544,0.9912280701754386,38.245614035087705
7074,hold,Ridge_b1,0.9910230681254181,0.9649122807017544,0.9844953712695022,36.899074253900416
7074,hold,Gaussian,1.0,1.0,1.0,39.999999999999986
7074,hold,C_dev,1.0,1.0,1.0,39.999999999999986
7074,hold,C_sev50,1.0,1.0,1.0,39.999999999999986
7074,hold,C_w50,1.0,1.0,1.0,39.999999999999986
7074,hold,C_b09,1.0,1.0,1.0,39.999999999999986
7075,hold,Ridge_final,1.0,1.0,1.0,39.999999999999986
7075,hold,Ridge_b1,1.0,1.0,1.0,39.999999999999986
7075,hold,Gaussian,1.0,0.9824561403508771,0.9956140350877193,39.12280701754385
7075,hold,C_dev,1.0,0.9824561403508771,0.9956140350877193,39.12280701754385
7075,hold,C_sev50,1.0,1.0,1.0,39.999999999999986
7075,hold,C_w50,1.0,0.9824561403508771,0.9956140350877193,39.12280701754385
7075,hold,C_b09,1.0,0.9824561403508771,0.9956140350877193,39.12280701754385
7076,hold,Ridge_final,0.9756302521008404,0.9649122807017544,0.9729507592510689,34.590151850213765
7076,hold,Ridge_b1,0.9756302521008404,0.9649122807017544,0.9729507592510689,34.590151850213765
7076,hold,Gaussian,0.975815970280915,0.9473684210526315,0.9687040829738441,33.740816594768816
7076,hold,C_dev,0.9801791696414576,0.9649122807017544,0.9763624474065318,35.272489481306344
7076,hold,C_sev50,0.9801791696414576,0.9824561403508771,0.9807484123188125,36.14968246376249
7076,hold,C_w50,0.9947444928994744,0.9824561403508771,0.9916724047623251,38.33448095246501
7076,hold,C_b09,0.9852291716194473,0.9824561403508771,0.9845359138023048,36.90718276046094
7077,hold,Ridge_final,1.0,0.9824561403508771,0.9956140350877193,39.12280701754385
7077,hold,Ridge_b1,1.0,0.9824561403508771,0.9956140350877193,39.12280701754385
7077,hold,Gaussian,0.9947444928994744,1.0,0.9960583696746058,39.21167393492115
7077,hold,C_dev,1.0,1.0,1.0,39.999999999999986
7077,hold,C_sev50,1.0,1.0,1.0,39.999999999999986
7077,hold,C_w50,0.9947444928994744,1.0,0.9960583696746058,39.21167393492115
7077,hold,C_b09,0.9947444928994744,1.0,0.9960583696746058,39.21167393492115
7078,hold,Ridge_final,1.0,0.9824561403508771,0.9956140350877193,39.12280701754385
7078,hold,Ridge_b1,1.0,0.9824561403508771,0.9956140350877193,39.12280701754385
7078,hold,Gaussian,1.0,1.0,1.0,39.999999999999986
7078,hold,C_dev,1.0,1.0,1.0,39.999999999999986
7078,hold,C_sev50,1.0,0.9824561403508771,0.9956140350877193,39.12280701754385
7078,hold,C_w50,1.0,1.0,1.0,39.999999999999986
7078,hold,C_b09,1.0,1.0,1.0,39.999999999999986
7079,hold,Ridge_final,1.0,1.0,1.0,39.999999999999986
7079,hold,Ridge_b1,1.0,1.0,1.0,39.999999999999986
7079,hold,Gaussian,0.9851455733808675,1.0,0.9888591800356507,37.77183600713012
7079,hold,C_dev,1.0,1.0,1.0,39.999999999999986
7079,hold,C_sev50,1.0,1.0,1.0,39.999999999999986
7079,hold,C_w50,1.0,1.0,1.0,39.999999999999986
7079,hold,C_b09,1.0,1.0,1.0,39.999999999999986
7080,hold,Ridge_final,1.0,1.0,1.0,39.999999999999986
7080,hold,Ridge_b1,1.0,1.0,1.0,39.999999999999986
7080,hold,Gaussian,0.9877031181379007,0.9824561403508771,0.9863913736911448,37.27827473822895
7080,hold,C_dev,1.0,1.0,1.0,39.999999999999986
7080,hold,C_sev50,1.0,1.0,1.0,39.999999999999986
7080,hold,C_w50,1.0,1.0,1.0,39.999999999999986
7080,hold,C_b09,1.0,1.0,1.0,39.999999999999986
7081,hold,Ridge_final,0.9901875901875902,1.0,0.9926406926406927,38.52813852813852
7081,hold,Ridge_b1,0.9901875901875902,1.0,0.9926406926406927,38.52813852813852
7081,hold,Gaussian,1.0,0.9824561403508771,0.9956140350877193,39.12280701754385
7081,hold,C_dev,1.0,0.9824561403508771,0.9956140350877193,39.12280701754385
7081,hold,C_sev50,1.0,1.0,1.0,39.999999999999986
7081,hold,C_w50,1.0,0.9824561403508771,0.9956140350877193,39.12280701754385
7081,hold,C_b09,0.9901875901875902,0.9824561403508771,0.9882547277284119,37.650945545682376
7082,hold,Ridge_final,0.9899915794538674,0.9649122807017544,0.9837217547658391,36.74435095316781
7082,hold,Ridge_b1,0.9899915794538674,0.9649122807017544,0.9837217547658391,36.74435095316781
7082,hold,Gaussian,0.9947444928994744,1.0,0.9960583696746058,39.21167393492115
7082,hold,C_dev,1.0,1.0,1.0,39.999999999999986
7082,hold,C_sev50,1.0,1.0,1.0,39.999999999999986
7082,hold,C_w50,1.0,1.0,1.0,39.999999999999986
7082,hold,C_b09,1.0,1.0,1.0,39.999999999999986
7083,hold,Ridge_final,0.9901875901875902,0.9824561403508771,0.9882547277284119,37.650945545682376
7083,hold,Ridge_b1,0.9901875901875902,0.9824561403508771,0.9882547277284119,37.650945545682376
7083,hold,Gaussian,0.9947444928994744,1.0,0.9960583696746058,39.21167393492115
7083,hold,C_dev,0.9901875901875902,1.0,0.9926406926406927,38.52813852813852
7083,hold,C_sev50,0.9901875901875902,1.0,0.9926406926406927,38.52813852813852
7083,hold,C_w50,1.0,1.0,1.0,39.999999999999986
7083,hold,C_b09,0.9901875901875902,1.0,0.9926406926406927,38.52813852813852
7084,hold,Ridge_final,0.9901875901875902,0.9824561403508771,0.9882547277284119,37.650945545682376
7084,hold,Ridge_b1,0.9901875901875902,0.9824561403508771,0.9882547277284119,37.650945545682376
7084,hold,Gaussian,0.9944191569364733,0.9649122807017544,0.9870424378777936,37.4084875755587
7084,hold,C_dev,0.9901875901875902,1.0,0.9926406926406927,38.52813852813852
7084,hold,C_sev50,0.9901875901875902,1.0,0.9926406926406927,38.52813852813852
7084,hold,C_w50,1.0,1.0,1.0,39.999999999999986
7084,hold,C_b09,0.9901875901875902,1.0,0.9926406926406927,38.52813852813852
7085,hold,Ridge_final,1.0,0.9824561403508771,0.9956140350877193,39.12280701754385
7085,hold,Ridge_b1,1.0,0.9824561403508771,0.9956140350877193,39.12280701754385
7085,hold,Gaussian,0.9882491186839012,0.9649122807017544,0.9824149091883645,36.48298183767289
7085,hold,C_dev,1.0,0.9649122807017544,0.9912280701754386,38.245614035087705
7085,hold,C_sev50,1.0,0.9824561403508771,0.9956140350877193,39.12280701754385
7085,hold,C_w50,1.0,0.9649122807017544,0.9912280701754386,38.245614035087705
7085,hold,C_b09,1.0,0.9649122807017544,0.9912280701754386,38.245614035087705
7086,hold,Ridge_final,1.0,0.9824561403508771,0.9956140350877193,39.12280701754385
7086,hold,Ridge_b1,0.9910230681254181,0.9824561403508771,0.9888813361817829,37.77626723635656
7086,hold,Gaussian,1.0,1.0,1.0,39.999999999999986
7086,hold,C_dev,1.0,1.0,1.0,39.999999999999986
7086,hold,C_sev50,1.0,0.9824561403508771,0.9956140350877193,39.12280701754385
7086,hold,C_w50,1.0,1.0,1.0,39.999999999999986
7086,hold,C_b09,1.0,1.0,1.0,39.999999999999986
7087,hold,Ridge_final,0.984448951994591,0.9473684210526315,0.9751788192591011,35.03576385182021
7087,hold,Ridge_b1,0.984448951994591,0.9473684210526315,0.9751788192591011,35.03576385182021
7087,hold,Gaussian,1.0,0.9649122807017544,0.9912280701754386,38.245614035087705
7087,hold,C_dev,1.0,0.9824561403508771,0.9956140350877193,39.12280701754385
7087,hold,C_sev50,1.0,0.9649122807017544,0.9912280701754386,38.245614035087705
7087,hold,C_w50,1.0,0.9824561403508771,0.9956140350877193,39.12280701754385
7087,hold,C_b09,0.984448951994591,0.9824561403508771,0.9839507490836625,36.790149816732495
7088,hold,Ridge_final,1.0,1.0,1.0,39.999999999999986
7088,hold,Ridge_b1,1.0,1.0,1.0,39.999999999999986
7088,hold,Gaussian,0.9947444928994744,1.0,0.9960583696746058,39.21167393492115
7088,hold,C_dev,1.0,1.0,1.0,39.999999999999986
7088,hold,C_sev50,1.0,1.0,1.0,39.999999999999986
7088,hold,C_w50,1.0,1.0,1.0,39.999999999999986
7088,hold,C_b09,1.0,1.0,1.0,39.999999999999986
7089,hold,Ridge_final,0.9899915794538674,0.9298245614035088,0.9749498249412778,34.98996498825555
7089,hold,Ridge_b1,1.0,0.9473684210526315,0.9868421052631579,37.36842105263156
7089,hold,Gaussian,1.0,0.9824561403508771,0.9956140350877193,39.12280701754385
7089,hold,C_dev,1.0,0.9649122807017544,0.9912280701754386,38.245614035087705
7089,hold,C_sev50,1.0,0.9649122807017544,0.9912280701754386,38.245614035087705
7089,hold,C_w50,1.0,0.9649122807017544,0.9912280701754386,38.245614035087705
7089,hold,C_b09,1.0,0.9649122807017544,0.9912280701754386,38.245614035087705
7090,hold,Ridge_final,0.9901875901875902,0.9824561403508771,0.9882547277284119,37.650945545682376
7090,hold,Ridge_b1,0.9901875901875902,0.9824561403508771,0.9882547277284119,37.650945545682376
7090,hold,Gaussian,1.0,0.9824561403508771,0.9956140350877193,39.12280701754385
7090,hold,C_dev,1.0,0.9824561403508771,0.9956140350877193,39.12280701754385
7090,hold,C_sev50,1.0,0.9824561403508771,0.9956140350877193,39.12280701754385
7090,hold,C_w50,1.0,0.9824561403508771,0.9956140350877193,39.12280701754385
7090,hold,C_b09,0.9901875901875902,0.9824561403508771,0.9882547277284119,37.650945545682376
7091,hold,Ridge_final,0.9693627450980392,1.0,0.9770220588235294,35.40441176470588
7091,hold,Ridge_b1,1.0,1.0,1.0,39.999999999999986
7091,hold,Gaussian,0.9851455733808675,1.0,0.9888591800356507,37.77183600713012
7091,hold,C_dev,0.9851455733808675,1.0,0.9888591800356507,37.77183600713012
7091,hold,C_sev50,0.9851455733808675,1.0,0.9888591800356507,37.77183600713012
7091,hold,C_w50,0.9851455733808675,1.0,0.9888591800356507,37.77183600713012
7091,hold,C_b09,0.9851455733808675,1.0,0.9888591800356507,37.77183600713012
7092,hold,Ridge_final,1.0,1.0,1.0,39.999999999999986
7092,hold,Ridge_b1,0.9910230681254181,1.0,0.9932673010940636,38.653460218812704
7092,hold,Gaussian,1.0,1.0,1.0,39.999999999999986
7092,hold,C_dev,1.0,1.0,1.0,39.999999999999986
7092,hold,C_sev50,1.0,1.0,1.0,39.999999999999986
7092,hold,C_w50,1.0,1.0,1.0,39.999999999999986
7092,hold,C_b09,1.0,1.0,1.0,39.999999999999986
7093,hold,Ridge_final,1.0,1.0,1.0,39.999999999999986
7093,hold,Ridge_b1,1.0,1.0,1.0,39.999999999999986
7093,hold,Gaussian,1.0,0.9473684210526315,0.9868421052631579,37.36842105263156
7093,hold,C_dev,1.0,0.9649122807017544,0.9912280701754386,38.245614035087705
7093,hold,C_sev50,1.0,0.9824561403508771,0.9956140350877193,39.12280701754385
7093,hold,C_w50,1.0,0.9649122807017544,0.9912280701754386,38.245614035087705
7093,hold,C_b09,1.0,0.9649122807017544,0.9912280701754386,38.245614035087705
7094,hold,Ridge_final,1.0,0.9824561403508771,0.9956140350877193,39.12280701754385
7094,hold,Ridge_b1,0.9910230681254181,0.9824561403508771,0.9888813361817829,37.77626723635656
7094,hold,Gaussian,1.0,0.9649122807017544,0.9912280701754386,38.245614035087705
7094,hold,C_dev,1.0,0.9824561403508771,0.9956140350877193,39.12280701754385
7094,hold,C_sev50,1.0,0.9824561403508771,0.9956140350877193,39.12280701754385
7094,hold,C_w50,1.0,0.9824561403508771,0.9956140350877193,39.12280701754385
7094,hold,C_b09,1.0,0.9824561403508771,0.9956140350877193,39.12280701754385
7095,hold,Ridge_final,1.0,0.9824561403508771,0.9956140350877193,39.12280701754385
7095,hold,Ridge_b1,1.0,0.9824561403508771,0.9956140350877193,39.12280701754385
7095,hold,Gaussian,1.0,1.0,1.0,39.999999999999986
7095,hold,C_dev,1.0,1.0,1.0,39.999999999999986
7095,hold,C_sev50,1.0,0.9824561403508771,0.9956140350877193,39.12280701754385
7095,hold,C_w50,1.0,1.0,1.0,39.999999999999986
7095,hold,C_b09,1.0,1.0,1.0,39.999999999999986
7096,hold,Ridge_final,1.0,1.0,1.0,39.999999999999986
7096,hold,Ridge_b1,1.0,1.0,1.0,39.999999999999986
7096,hold,Gaussian,0.9910230681254181,0.9649122807017544,0.9844953712695022,36.899074253900416
7096,hold,C_dev,1.0,0.9824561403508771,0.9956140350877193,39.12280701754385
7096,hold,C_sev50,1.0,1.0,1.0,39.999999999999986
7096,hold,C_w50,1.0,0.9824561403508771,0.9956140350877193,39.12280701754385
7096,hold,C_b09,1.0,0.9824561403508771,0.9956140350877193,39.12280701754385
7097,hold,Ridge_final,1.0,1.0,1.0,39.999999999999986
7097,hold,Ridge_b1,1.0,1.0,1.0,39.999999999999986
7097,hold,Gaussian,0.9851455733808675,0.9649122807017544,0.9800872502110892,36.01745004221783
7097,hold,C_dev,1.0,0.9649122807017544,0.9912280701754386,38.245614035087705
7097,hold,C_sev50,1.0,1.0,1.0,39.999999999999986
7097,hold,C_w50,1.0,0.9649122807017544,0.9912280701754386,38.245614035087705
7097,hold,C_b09,1.0,0.9649122807017544,0.9912280701754386,38.245614035087705
7098,hold,Ridge_final,1.0,1.0,1.0,39.999999999999986
7098,hold,Ridge_b1,1.0,1.0,1.0,39.999999999999986
7098,hold,Gaussian,0.9947444928994744,0.9824561403508771,0.9916724047623251,38.33448095246501
7098,hold,C_dev,1.0,0.9824561403508771,0.9956140350877193,39.12280701754385
7098,hold,C_sev50,1.0,1.0,1.0,39.999999999999986
7098,hold,C_w50,0.9947444928994744,0.9824561403508771,0.9916724047623251,38.33448095246501
7098,hold,C_b09,0.9947444928994744,0.9824561403508771,0.9916724047623251,38.33448095246501
7099,hold,Ridge_final,1.0,0.9649122807017544,0.9912280701754386,38.245614035087705
7099,hold,Ridge_b1,1.0,0.9649122807017544,0.9912280701754386,38.245614035087705
7099,hold,Gaussian,1.0,0.9649122807017544,0.9912280701754386,38.245614035087705
7099,hold,C_dev,1.0,0.9649122807017544,0.9912280701754386,38.245614035087705
7099,hold,C_sev50,1.0,0.9649122807017544,0.9912280701754386,38.245614035087705
7099,hold,C_w50,1.0,0.9649122807017544,0.9912280701754386,38.245614035087705
7099,hold,C_b09,1.0,0.9649122807017544,0.9912280701754386,38.245614035087705
7100,hold,Ridge_final,1.0,1.0,1.0,39.999999999999986
7100,hold,Ridge_b1,1.0,1.0,1.0,39.999999999999986
7100,hold,Gaussian,1.0,1.0,1.0,39.999999999999986
7100,hold,C_dev,1.0,1.0,1.0,39.999999999999986
7100,hold,C_sev50,1.0,1.0,1.0,39.999999999999986
7100,hold,C_w50,1.0,1.0,1.0,39.999999999999986
7100,hold,C_b09,1.0,1.0,1.0,39.999999999999986
7101,hold,Ridge_final,0.9803921568627452,1.0,0.9852941176470589,37.05882352941176
7101,hold,Ridge_b1,0.9901875901875902,1.0,0.9926406926406927,38.52813852813852
7101,hold,Gaussian,1.0,1.0,1.0,39.999999999999986
7101,hold,C_dev,1.0,1.0,1.0,39.999999999999986
7101,hold,C_sev50,1.0,1.0,1.0,39.999999999999986
7101,hold,C_w50,1.0,1.0,1.0,39.999999999999986
7101,hold,C_b09,0.9803921568627452,1.0,0.9852941176470589,37.05882352941176
7102,hold,Ridge_final,0.9950335962605902,0.9824561403508771,0.991889232283162,38.377846456632376
7102,hold,Ridge_b1,0.9950335962605902,0.9824561403508771,0.991889232283162,38.377846456632376
7102,hold,Gaussian,0.9947444928994744,1.0,0.9960583696746058,39.21167393492115
7102,hold,C_dev,0.9901875901875902,1.0,0.9926406926406927,38.52813852813852
7102,hold,C_sev50,0.9901875901875902,1.0,0.9926406926406927,38.52813852813852
7102,hold,C_w50,1.0,1.0,1.0,39.999999999999986
7102,hold,C_b09,0.9901875901875902,1.0,0.9926406926406927,38.52813852813852
7103,hold,Ridge_final,0.9899915794538674,0.9473684210526315,0.9793357898535584,35.867157970711666
7103,hold,Ridge_b1,0.9899915794538674,0.9473684210526315,0.9793357898535584,35.867157970711666
7103,hold,Gaussian,0.9947444928994744,1.0,0.9960583696746058,39.21167393492115
7103,hold,C_dev,0.9899915794538674,0.9824561403508771,0.9881077196781198,37.621543935623954
7103,hold,C_sev50,0.9899915794538674,0.9824561403508771,0.9881077196781198,37.621543935623954
7103,hold,C_w50,1.0,1.0,1.0,39.999999999999986
7103,hold,C_b09,1.0,1.0,1.0,39.999999999999986
7104,hold,Ridge_final,1.0,1.0,1.0,39.999999999999986
7104,hold,Ridge_b1,1.0,1.0,1.0,39.999999999999986
7104,hold,Gaussian,0.9910230681254181,0.9649122807017544,0.9844953712695022,36.899074253900416
7104,hold,C_dev,1.0,0.9649122807017544,0.9912280701754386,38.245614035087705
7104,hold,C_sev50,1.0,1.0,1.0,39.999999999999986
7104,hold,C_w50,1.0,0.9649122807017544,0.9912280701754386,38.245614035087705
7104,hold,C_b09,1.0,0.9649122807017544,0.9912280701754386,38.245614035087705
7105,hold,Ridge_final,0.9910230681254181,1.0,0.9932673010940636,38.653460218812704
7105,hold,Ridge_b1,0.9910230681254181,1.0,0.9932673010940636,38.653460218812704
7105,hold,Gaussian,1.0,1.0,1.0,39.999999999999986
7105,hold,C_dev,0.9910230681254181,1.0,0.9932673010940636,38.653460218812704
7105,hold,C_sev50,0.9910230681254181,1.0,0.9932673010940636,38.653460218812704
7105,hold,C_w50,1.0,1.0,1.0,39.999999999999986
7105,hold,C_b09,1.0,1.0,1.0,39.999999999999986
7106,hold,Ridge_final,0.9756302521008404,0.9824561403508771,0.9773367241633496,35.46734483266991
7106,hold,Ridge_b1,0.9756302521008404,0.9824561403508771,0.9773367241633496,35.46734483266991
7106,hold,Gaussian,0.9684362734966259,0.9824561403508771,0.9719412402101887,34.38824804203772
7106,hold,C_dev,0.9756302521008404,1.0,0.9817226890756303,36.34453781512605
7106,hold,C_sev50,0.9756302521008404,0.9824561403508771,0.9773367241633496,35.46734483266991
7106,hold,C_w50,0.9733946920647688,1.0,0.9800460190485766,36.0092038097153
7106,hold,C_b09,0.9638865207918917,1.0,0.9729148905939188,34.58297811878374
7107,hold,Ridge_final,1.0,1.0,1.0,39.999999999999986
7107,hold,Ridge_b1,1.0,1.0,1.0,39.999999999999986
7107,hold,Gaussian,0.984448951994591,0.9824561403508771,0.9839507490836625,36.790149816732495
7107,hold,C_dev,1.0,0.9824561403508771,0.9956140350877193,39.12280701754385
7107,hold,C_sev50,1.0,0.9824561403508771,0.9956140350877193,39.12280701754385
7107,hold,C_w50,1.0,0.9824561403508771,0.9956140350877193,39.12280701754385
7107,hold,C_b09,1.0,0.9824561403508771,0.9956140350877193,39.12280701754385
7108,hold,Ridge_final,0.984448951994591,0.9824561403508771,0.9839507490836625,36.790149816732495
7108,hold,Ridge_b1,0.984448951994591,0.9824561403508771,0.9839507490836625,36.790149816732495
7108,hold,Gaussian,0.989173832923833,0.9649122807017544,0.9831084448683133,36.62168897366264
7108,hold,C_dev,0.984448951994591,1.0,0.9883367139959433,37.66734279918864
7108,hold,C_sev50,0.984448951994591,0.9824561403508771,0.9839507490836625,36.790149816732495
7108,hold,C_w50,0.9791934448940655,1.0,0.9843950836705491,36.879016734109804
7108,hold,C_b09,0.984448951994591,1.0,0.9883367139959433,37.66734279918864
7109,hold,Ridge_final,1.0,1.0,1.0,39.999999999999986
7109,hold,Ridge_b1,1.0,1.0,1.0,39.999999999999986
7109,hold,Gaussian,0.9947444928994744,1.0,0.9960583696746058,39.21167393492115
7109,hold,C_dev,1.0,1.0,1.0,39.999999999999986
7109,hold,C_sev50,1.0,1.0,1.0,39.999999999999986
7109,hold,C_w50,1.0,1.0,1.0,39.999999999999986
7109,hold,C_b09,1.0,1.0,1.0,39.999999999999986
7110,hold,Ridge_final,0.9901875901875902,0.9649122807017544,0.9838687628161312,36.77375256322623
7110,hold,Ridge_b1,0.9901875901875902,0.9649122807017544,0.9838687628161312,36.77375256322623
7110,hold,Gaussian,1.0,0.9824561403508771,0.9956140350877193,39.12280701754385
7110,hold,C_dev,0.9901875901875902,0.9824561403508771,0.9882547277284119,37.650945545682376
7110,hold,C_sev50,0.9901875901875902,0.9649122807017544,0.9838687628161312,36.77375256322623
7110,hold,C_w50,1.0,0.9824561403508771,0.9956140350877193,39.12280701754385
7110,hold,C_b09,0.9901875901875902,0.9824561403508771,0.9882547277284119,37.650945545682376
7111,hold,Ridge_final,0.9691845996193821,1.0,0.9768884497145366,35.37768994290731
7111,hold,Ridge_b1,0.9851455733808675,1.0,0.9888591800356507,37.77183600713012
7111,hold,Gaussian,0.9671936515643488,1.0,0.9753952386732616,35.07904773465231
7111,hold,C_dev,0.9851455733808675,1.0,0.9888591800356507,37.77183600713012
7111,hold,C_sev50,0.9851455733808675,1.0,0.9888591800356507,37.77183600713012
7111,hold,C_w50,0.9851455733808675,1.0,0.9888591800356507,37.77183600713012
7111,hold,C_b09,0.9851455733808675,1.0,0.9888591800356507,37.77183600713012
7112,hold,Ridge_final,0.9944191569364733,0.9649122807017544,0.9870424378777936,37.4084875755587
7112,hold,Ridge_b1,0.9944191569364733,0.9649122807017544,0.9870424378777936,37.4084875755587
7112,hold,Gaussian,0.9944191569364733,0.9649122807017544,0.9870424378777936,37.4084875755587
7112,hold,C_dev,0.9944191569364733,0.9649122807017544,0.9870424378777936,37.4084875755587
7112,hold,C_sev50,0.9944191569364733,0.9824561403508771,0.9914284027900743,38.285680558014846
7112,hold,C_w50,0.9944191569364733,0.9649122807017544,0.9870424378777936,37.4084875755587
7112,hold,C_b09,0.9944191569364733,0.9649122807017544,0.9870424378777936,37.4084875755587
7113,hold,Ridge_final,0.9839816933638444,1.0,0.9879862700228833,37.59725400457665
7113,hold,Ridge_b1,0.9839816933638444,1.0,0.9879862700228833,37.59725400457665
7113,hold,Gaussian,1.0,1.0,1.0,39.999999999999986
7113,hold,C_dev,0.9839816933638444,1.0,0.9879862700228833,37.59725400457665
7113,hold,C_sev50,0.9839816933638444,1.0,0.9879862700228833,37.59725400457665
7113,hold,C_w50,0.9839816933638444,1.0,0.9879862700228833,37.59725400457665
7113,hold,C_b09,0.9839816933638444,1.0,0.9879862700228833,37.59725400457665
7114,hold,Ridge_final,1.0,1.0,1.0,39.999999999999986
7114,hold,Ridge_b1,1.0,1.0,1.0,39.999999999999986
7114,hold,Gaussian,1.0,0.9824561403508771,0.9956140350877193,39.12280701754385
7114,hold,C_dev,1.0,0.9824561403508771,0.9956140350877193,39.12280701754385
7114,hold,C_sev50,1.0,1.0,1.0,39.999999999999986
7114,hold,C_w50,1.0,0.9824561403508771,0.9956140350877193,39.12280701754385
7114,hold,C_b09,1.0,0.9824561403508771,0.9956140350877193,39.12280701754385
7115,hold,Ridge_final,1.0,1.0,1.0,39.999999999999986
7115,hold,Ridge_b1,1.0,1.0,1.0,39.999999999999986
7115,hold,Gaussian,1.0,1.0,1.0,39.999999999999986
7115,hold,C_dev,1.0,1.0,1.0,39.999999999999986
7115,hold,C_sev50,1.0,1.0,1.0,39.999999999999986
7115,hold,C_w50,1.0,1.0,1.0,39.999999999999986
7115,hold,C_b09,1.0,1.0,1.0,39.999999999999986
7116,hold,Ridge_final,0.9901875901875902,1.0,0.9926406926406927,38.52813852813852
7116,hold,Ridge_b1,0.9901875901875902,1.0,0.9926406926406927,38.52813852813852
7116,hold,Gaussian,1.0,1.0,1.0,39.999999999999986
7116,hold,C_dev,0.9901875901875902,1.0,0.9926406926406927,38.52813852813852
7116,hold,C_sev50,0.9901875901875902,1.0,0.9926406926406927,38.52813852813852
7116,hold,C_w50,1.0,1.0,1.0,39.999999999999986
7116,hold,C_b09,0.9901875901875902,1.0,0.9926406926406927,38.52813852813852
7117,hold,Ridge_final,1.0,1.0,1.0,39.999999999999986
7117,hold,Ridge_b1,1.0,1.0,1.0,39.999999999999986
7117,hold,Gaussian,0.9739116626386565,0.9649122807017544,0.9716618171544309,34.33236343088617
7117,hold,C_dev,1.0,0.9824561403508771,0.9956140350877193,39.12280701754385
7117,hold,C_sev50,1.0,1.0,1.0,39.999999999999986
7117,hold,C_w50,1.0,0.9824561403508771,0.9956140350877193,39.12280701754385
7117,hold,C_b09,1.0,0.9824561403508771,0.9956140350877193,39.12280701754385
7118,hold,Ridge_final,0.9947444928994744,1.0,0.9960583696746058,39.21167393492115
7118,hold,Ridge_b1,0.9947444928994744,1.0,0.9960583696746058,39.21167393492115
7118,hold,Gaussian,0.9882491186839012,1.0,0.9911868390129259,38.237367802585176
7118,hold,C_dev,1.0,1.0,1.0,39.999999999999986
7118,hold,C_sev50,1.0,1.0,1.0,39.999999999999986
7118,hold,C_w50,1.0,1.0,1.0,39.999999999999986
7118,hold,C_b09,0.9947444928994744,1.0,0.9960583696746058,39.21167393492115
7119,hold,Ridge_final,1.0,0.9649122807017544,0.9912280701754386,38.245614035087705
7119,hold,Ridge_b1,1.0,0.9649122807017544,0.9912280701754386,38.245614035087705
7119,hold,Gaussian,0.9947444928994744,0.9824561403508771,0.9916724047623251,38.33448095246501
7119,hold,C_dev,1.0,1.0,1.0,39.999999999999986
7119,hold,C_sev50,1.0,0.9824561403508771,0.9956140350877193,39.12280701754385
7119,hold,C_w50,1.0,1.0,1.0,39.999999999999986
7119,hold,C_b09,1.0,1.0,1.0,39.999999999999986
7120,hold,Ridge_final,1.0,1.0,1.0,39.999999999999986
7120,hold,Ridge_b1,1.0,1.0,1.0,39.999999999999986
7120,hold,Gaussian,1.0,1.0,1.0,39.999999999999986
7120,hold,C_dev,1.0,1.0,1.0,39.999999999999986
7120,hold,C_sev50,1.0,1.0,1.0,39.999999999999986
7120,hold,C_w50,1.0,1.0,1.0,39.999999999999986
7120,hold,C_b09,1.0,1.0,1.0,39.999999999999986
7121,hold,Ridge_final,1.0,0.9649122807017544,0.9912280701754386,38.245614035087705
7121,hold,Ridge_b1,1.0,0.9649122807017544,0.9912280701754386,38.245614035087705
7121,hold,Gaussian,0.9947444928994744,0.9824561403508771,0.9916724047623251,38.33448095246501
7121,hold,C_dev,1.0,1.0,1.0,39.999999999999986
7121,hold,C_sev50,1.0,0.9824561403508771,0.9956140350877193,39.12280701754385
7121,hold,C_w50,1.0,1.0,1.0,39.999999999999986
7121,hold,C_b09,1.0,1.0,1.0,39.999999999999986
7122,hold,Ridge_final,1.0,0.9824561403508771,0.9956140350877193,39.12280701754385
7122,hold,Ridge_b1,1.0,0.9824561403508771,0.9956140350877193,39.12280701754385
7122,hold,Gaussian,1.0,0.9824561403508771,0.9956140350877193,39.12280701754385
7122,hold,C_dev,1.0,0.9824561403508771,0.9956140350877193,39.12280701754385
7122,hold,C_sev50,1.0,1.0,1.0,39.999999999999986
7122,hold,C_w50,1.0,0.9824561403508771,0.9956140350877193,39.12280701754385
7122,hold,C_b09,1.0,0.9824561403508771,0.9956140350877193,39.12280701754385
7123,hold,Ridge_final,0.9756302521008404,0.9649122807017544,0.9729507592510689,34.590151850213765
7123,hold,Ridge_b1,0.9901875901875902,0.9649122807017544,0.9838687628161312,36.77375256322623
7123,hold,Gaussian,1.0,0.9649122807017544,0.9912280701754386,38.245614035087705
7123,hold,C_dev,0.9901875901875902,0.9649122807017544,0.9838687628161312,36.77375256322623
7123,hold,C_sev50,0.9901875901875902,0.9649122807017544,0.9838687628161312,36.77375256322623
7123,hold,C_w50,1.0,0.9649122807017544,0.9912280701754386,38.245614035087705
7123,hold,C_b09,0.9901875901875902,0.9649122807017544,0.9838687628161312,36.77375256322623
7124,hold,Ridge_final,1.0,1.0,1.0,39.999999999999986
7124,hold,Ridge_b1,1.0,1.0,1.0,39.999999999999986
7124,hold,Gaussian,1.0,0.9824561403508771,0.9956140350877193,39.12280701754385
7124,hold,C_dev,1.0,0.9824561403508771,0.9956140350877193,39.12280701754385
7124,hold,C_sev50,1.0,1.0,1.0,39.999999999999986
7124,hold,C_w50,1.0,0.9824561403508771,0.9956140350877193,39.12280701754385
7124,hold,C_b09,1.0,0.9824561403508771,0.9956140350877193,39.12280701754385
7125,hold,Ridge_final,0.9901875901875902,1.0,0.9926406926406927,38.52813852813852
7125,hold,Ridge_b1,0.9901875901875902,1.0,0.9926406926406927,38.52813852813852
7125,hold,Gaussian,0.9801871548127247,0.9824561403508771,0.9807544011972628,36.15088023945254
7125,hold,C_dev,0.9901875901875902,0.9824561403508771,0.9882547277284119,37.650945545682376
7125,hold,C_sev50,0.9901875901875902,0.9824561403508771,0.9882547277284119,37.650945545682376
7125,hold,C_w50,0.9851455733808675,0.9824561403508771,0.9844732151233699,36.894643024673975
7125,hold,C_b09,0.9756302521008404,0.9824561403508771,0.9773367241633496,35.46734483266991
7126,hold,Ridge_final,1.0,0.9824561403508771,0.9956140350877193,39.12280701754385
7126,hold,Ridge_b1,1.0,0.9824561403508771,0.9956140350877193,39.12280701754385
7126,hold,Gaussian,1.0,0.9824561403508771,0.9956140350877193,39.12280701754385
7126,hold,C_dev,1.0,0.9824561403508771,0.9956140350877193,39.12280701754385
7126,hold,C_sev50,1.0,0.9824561403508771,0.9956140350877193,39.12280701754385
7126,hold,C_w50,1.0,0.9824561403508771,0.9956140350877193,39.12280701754385
7126,hold,C_b09,1.0,0.9824561403508771,0.9956140350877193,39.12280701754385
7127,hold,Ridge_final,1.0,0.9649122807017544,0.9912280701754386,38.245614035087705
7127,hold,Ridge_b1,1.0,0.9649122807017544,0.9912280701754386,38.245614035087705
7127,hold,Gaussian,1.0,1.0,1.0,39.999999999999986
7127,hold,C_dev,1.0,1.0,1.0,39.999999999999986
7127,hold,C_sev50,1.0,0.9824561403508771,0.9956140350877193,39.12280701754385
7127,hold,C_w50,1.0,1.0,1.0,39.999999999999986
7127,hold,C_b09,1.0,1.0,1.0,39.999999999999986
7128,hold,Ridge_final,1.0,1.0,1.0,39.999999999999986
7128,hold,Ridge_b1,1.0,1.0,1.0,39.999999999999986
7128,hold,Gaussian,0.9847360729713671,0.9824561403508771,0.9841660898162446,36.83321796324892
7128,hold,C_dev,1.0,1.0,1.0,39.999999999999986
7128,hold,C_sev50,1.0,1.0,1.0,39.999999999999986
7128,hold,C_w50,1.0,1.0,1.0,39.999999999999986
7128,hold,C_b09,1.0,1.0,1.0,39.999999999999986
7129,hold,Ridge_final,1.0,1.0,1.0,39.999999999999986
7129,hold,Ridge_b1,1.0,1.0,1.0,39.999999999999986
7129,hold,Gaussian,1.0,1.0,1.0,39.999999999999986
7129,hold,C_dev,1.0,1.0,1.0,39.999999999999986
7129,hold,C_sev50,1.0,1.0,1.0,39.999999999999986
7129,hold,C_w50,1.0,1.0,1.0,39.999999999999986
7129,hold,C_b09,1.0,1.0,1.0,39.999999999999986
7130,hold,Ridge_final,1.0,0.9824561403508771,0.9956140350877193,39.12280701754385
7130,hold,Ridge_b1,1.0,0.9824561403508771,0.9956140350877193,39.12280701754385
7130,hold,Gaussian,1.0,0.9649122807017544,0.9912280701754386,38.245614035087705
7130,hold,C_dev,1.0,0.9649122807017544,0.9912280701754386,38.245614035087705
7130,hold,C_sev50,1.0,0.9824561403508771,0.9956140350877193,39.12280701754385
7130,hold,C_w50,1.0,0.9649122807017544,0.9912280701754386,38.245614035087705
7130,hold,C_b09,1.0,0.9649122807017544,0.9912280701754386,38.245614035087705
7131,hold,Ridge_final,1.0,0.9824561403508771,0.9956140350877193,39.12280701754385
7131,hold,Ridge_b1,1.0,0.9824561403508771,0.9956140350877193,39.12280701754385
7131,hold,Gaussian,0.9771940869392144,0.9824561403508771,0.9785096002921301,35.701920058426005
7131,hold,C_dev,1.0,0.9824561403508771,0.9956140350877193,39.12280701754385
7131,hold,C_sev50,1.0,0.9824561403508771,0.9956140350877193,39.12280701754385
7131,hold,C_w50,1.0,0.9824561403508771,0.9956140350877193,39.12280701754385
7131,hold,C_b09,1.0,0.9824561403508771,0.9956140350877193,39.12280701754385
7132,hold,Ridge_final,1.0,0.9824561403508771,0.9956140350877193,39.12280701754385
7132,hold,Ridge_b1,1.0,0.9824561403508771,0.9956140350877193,39.12280701754385
7132,hold,Gaussian,1.0,1.0,1.0,39.999999999999986
7132,hold,C_dev,1.0,1.0,1.0,39.999999999999986
7132,hold,C_sev50,1.0,1.0,1.0,39.999999999999986
7132,hold,C_w50,1.0,1.0,1.0,39.999999999999986
7132,hold,C_b09,1.0,1.0,1.0,39.999999999999986
7133,hold,Ridge_final,0.9899915794538674,0.9649122807017544,0.9837217547658391,36.74435095316781
7133,hold,Ridge_b1,0.9899915794538674,0.9649122807017544,0.9837217547658391,36.74435095316781
7133,hold,Gaussian,1.0,0.9649122807017544,0.9912280701754386,38.245614035087705
7133,hold,C_dev,1.0,1.0,1.0,39.999999999999986
7133,hold,C_sev50,1.0,1.0,1.0,39.999999999999986
7133,hold,C_w50,1.0,1.0,1.0,39.999999999999986
7133,hold,C_b09,1.0,1.0,1.0,39.999999999999986
7134,hold,Ridge_final,1.0,1.0,1.0,39.999999999999986
7134,hold,Ridge_b1,1.0,1.0,1.0,39.999999999999986
7134,hold,Gaussian,1.0,0.9824561403508771,0.9956140350877193,39.12280701754385
7134,hold,C_dev,1.0,1.0,1.0,39.999999999999986
7134,hold,C_sev50,1.0,1.0,1.0,39.999999999999986
7134,hold,C_w50,1.0,1.0,1.0,39.999999999999986
7134,hold,C_b09,1.0,1.0,1.0,39.999999999999986
7135,hold,Ridge_final,0.9901875901875902,0.9824561403508771,0.9882547277284119,37.650945545682376
7135,hold,Ridge_b1,0.9812106583130081,0.9824561403508771,0.9815220288224754,36.30440576449507
7135,hold,Gaussian,0.9947444928994744,0.9824561403508771,0.9916724047623251,38.33448095246501
7135,hold,C_dev,1.0,0.9824561403508771,0.9956140350877193,39.12280701754385
7135,hold,C_sev50,1.0,0.9824561403508771,0.9956140350877193,39.12280701754385
7135,hold,C_w50,1.0,0.9824561403508771,0.9956140350877193,39.12280701754385
7135,hold,C_b09,1.0,0.9824561403508771,0.9956140350877193,39.12280701754385
7136,hold,Ridge_final,1.0,1.0,1.0,39.999999999999986
7136,hold,Ridge_b1,1.0,1.0,1.0,39.999999999999986
7136,hold,Gaussian,0.9801871548127247,0.9649122807017544,0.976368436284982,35.273687256996396
7136,hold,C_dev,1.0,0.9649122807017544,0.9912280701754386,38.245614035087705
7136,hold,C_sev50,1.0,1.0,1.0,39.999999999999986
7136,hold,C_w50,1.0,0.9649122807017544,0.9912280701754386,38.245614035087705
7136,hold,C_b09,1.0,0.9649122807017544,0.9912280701754386,38.245614035087705
7137,hold,Ridge_final,1.0,0.9649122807017544,0.9912280701754386,38.245614035087705
7137,hold,Ridge_b1,1.0,0.9649122807017544,0.9912280701754386,38.245614035087705
7137,hold,Gaussian,0.9806064014587514,1.0,0.9854548010940636,37.090960218812704
7137,hold,C_dev,1.0,1.0,1.0,39.999999999999986
7137,hold,C_sev50,1.0,0.9649122807017544,0.9912280701754386,38.245614035087705
7137,hold,C_w50,1.0,1.0,1.0,39.999999999999986
7137,hold,C_b09,1.0,1.0,1.0,39.999999999999986
7138,hold,Ridge_final,0.9901875901875902,0.9824561403508771,0.9882547277284119,37.650945545682376
7138,hold,Ridge_b1,0.9901875901875902,0.9824561403508771,0.9882547277284119,37.650945545682376
7138,hold,Gaussian,1.0,0.9298245614035088,0.9824561403508771,36.49122807017542
7138,hold,C_dev,0.9901875901875902,0.9473684210526315,0.9794827979038505,35.89655958077009
7138,hold,C_sev50,0.9901875901875902,0.9649122807017544,0.9838687628161312,36.77375256322623
7138,hold,C_w50,1.0,0.9473684210526315,0.9868421052631579,37.36842105263156
7138,hold,C_b09,0.9901875901875902,0.9473684210526315,0.9794827979038505,35.89655958077009
7139,hold,Ridge_final,0.9950335962605902,0.9824561403508771,0.991889232283162,38.377846456632376
7139,hold,Ridge_b1,0.9950335962605902,0.9824561403508771,0.991889232283162,38.377846456632376
7139,hold,Gaussian,1.0,1.0,1.0,39.999999999999986
7139,hold,C_dev,0.9901875901875902,1.0,0.9926406926406927,38.52813852813852
7139,hold,C_sev50,0.9901875901875902,1.0,0.9926406926406927,38.52813852813852
7139,hold,C_w50,1.0,1.0,1.0,39.999999999999986
7139,hold,C_b09,0.9901875901875902,1.0,0.9926406926406927,38.52813852813852
7140,hold,Ridge_final,1.0,0.9649122807017544,0.9912280701754386,38.245614035087705
7140,hold,Ridge_b1,1.0,0.9649122807017544,0.9912280701754386,38.245614035087705
7140,hold,Gaussian,1.0,0.9824561403508771,0.9956140350877193,39.12280701754385
7140,hold,C_dev,1.0,0.9824561403508771,0.9956140350877193,39.12280701754385
7140,hold,C_sev50,1.0,0.9824561403508771,0.9956140350877193,39.12280701754385
7140,hold,C_w50,1.0,0.9824561403508771,0.9956140350877193,39.12280701754385
7140,hold,C_b09,1.0,0.9824561403508771,0.9956140350877193,39.12280701754385
7141,hold,Ridge_final,1.0,0.9824561403508771,0.9956140350877193,39.12280701754385
7141,hold,Ridge_b1,1.0,0.9824561403508771,0.9956140350877193,39.12280701754385
7141,hold,Gaussian,0.9947444928994744,0.9824561403508771,0.9916724047623251,38.33448095246501
7141,hold,C_dev,1.0,0.9824561403508771,0.9956140350877193,39.12280701754385
7141,hold,C_sev50,1.0,0.9824561403508771,0.9956140350877193,39.12280701754385
7141,hold,C_w50,0.9947444928994744,0.9824561403508771,0.9916724047623251,38.33448095246501
7141,hold,C_b09,0.9947444928994744,0.9824561403508771,0.9916724047623251,38.33448095246501
7142,hold,Ridge_final,1.0,0.9824561403508771,0.9956140350877193,39.12280701754385
7142,hold,Ridge_b1,1.0,0.9824561403508771,0.9956140350877193,39.12280701754385
7142,hold,Gaussian,1.0,0.9824561403508771,0.9956140350877193,39.12280701754385
7142,hold,C_dev,1.0,0.9824561403508771,0.9956140350877193,39.12280701754385
7142,hold,C_sev50,1.0,0.9649122807017544,0.9912280701754386,38.245614035087705
7142,hold,C_w50,1.0,0.9824561403508771,0.9956140350877193,39.12280701754385
7142,hold,C_b09,1.0,0.9824561403508771,0.9956140350877193,39.12280701754385
7143,hold,Ridge_final,1.0,1.0,1.0,39.999999999999986
7143,hold,Ridge_b1,1.0,1.0,1.0,39.999999999999986
7143,hold,Gaussian,1.0,0.9649122807017544,0.9912280701754386,38.245614035087705
7143,hold,C_dev,1.0,0.9824561403508771,0.9956140350877193,39.12280701754385
7143,hold,C_sev50,1.0,1.0,1.0,39.999999999999986
7143,hold,C_w50,1.0,0.9824561403508771,0.9956140350877193,39.12280701754385
7143,hold,C_b09,1.0,0.9824561403508771,0.9956140350877193,39.12280701754385
7144,hold,Ridge_final,0.9899915794538674,0.9824561403508771,0.9881077196781198,37.621543935623954
7144,hold,Ridge_b1,0.9899915794538674,0.9824561403508771,0.9881077196781198,37.621543935623954
7144,hold,Gaussian,0.9847360729713671,0.9824561403508771,0.9841660898162446,36.83321796324892
7144,hold,C_dev,0.9899915794538674,0.9824561403508771,0.9881077196781198,37.621543935623954
7144,hold,C_sev50,0.9899915794538674,0.9824561403508771,0.9881077196781198,37.621543935623954
7144,hold,C_w50,0.9899915794538674,0.9824561403508771,0.9881077196781198,37.621543935623954
7144,hold,C_b09,0.9899915794538674,0.9824561403508771,0.9881077196781198,37.621543935623954
7145,hold,Ridge_final,1.0,0.9824561403508771,0.9956140350877193,39.12280701754385
7145,hold,Ridge_b1,1.0,0.9824561403508771,0.9956140350877193,39.12280701754385
7145,hold,Gaussian,1.0,0.9824561403508771,0.9956140350877193,39.12280701754385
7145,hold,C_dev,1.0,0.9824561403508771,0.9956140350877193,39.12280701754385
7145,hold,C_sev50,1.0,0.9824561403508771,0.9956140350877193,39.12280701754385
7145,hold,C_w50,1.0,0.9824561403508771,0.9956140350877193,39.12280701754385
7145,hold,C_b09,1.0,0.9824561403508771,0.9956140350877193,39.12280701754385
7146,hold,Ridge_final,1.0,0.9824561403508771,0.9956140350877193,39.12280701754385
7146,hold,Ridge_b1,1.0,0.9824561403508771,0.9956140350877193,39.12280701754385
7146,hold,Gaussian,1.0,0.9824561403508771,0.9956140350877193,39.12280701754385
7146,hold,C_dev,1.0,0.9824561403508771,0.9956140350877193,39.12280701754385
7146,hold,C_sev50,1.0,0.9824561403508771,0.9956140350877193,39.12280701754385
7146,hold,C_w50,1.0,0.9824561403508771,0.9956140350877193,39.12280701754385
7146,hold,C_b09,1.0,0.9824561403508771,0.9956140350877193,39.12280701754385
7147,hold,Ridge_final,0.96836903517938,0.9649122807017544,0.9675048465599736,33.50096931199471
7147,hold,Ridge_b1,0.96836903517938,0.9649122807017544,0.9675048465599736,33.50096931199471
7147,hold,Gaussian,1.0,1.0,1.0,39.999999999999986
7147,hold,C_dev,0.96836903517938,1.0,0.976276776384535,35.255355276907
7147,hold,C_sev50,0.96836903517938,0.9824561403508771,0.9718908114722543,34.37816229445085
7147,hold,C_w50,0.96836903517938,1.0,0.976276776384535,35.255355276907
7147,hold,C_b09,0.96836903517938,1.0,0.976276776384535,35.255355276907
7148,hold,Ridge_final,0.9901875901875902,0.9824561403508771,0.9882547277284119,37.650945545682376
7148,hold,Ridge_b1,0.9901875901875902,0.9824561403508771,0.9882547277284119,37.650945545682376
7148,hold,Gaussian,0.9777519871972912,1.0,0.9833139903979684,36.66279807959367
7148,hold,C_dev,0.9901875901875902,1.0,0.9926406926406927,38.52813852813852
7148,hold,C_sev50,0.9901875901875902,1.0,0.9926406926406927,38.52813852813852
7148,hold,C_w50,1.0,1.0,1.0,39.999999999999986
7148,hold,C_b09,0.9901875901875902,1.0,0.9926406926406927,38.52813852813852
7149,hold,Ridge_final,1.0,1.0,1.0,39.999999999999986
7149,hold,Ridge_b1,0.9877031181379007,1.0,0.9907773386034255,38.155467720685095
7149,hold,Gaussian,0.9851455733808675,1.0,0.9888591800356507,37.77183600713012
7149,hold,C_dev,1.0,1.0,1.0,39.999999999999986
7149,hold,C_sev50,1.0,1.0,1.0,39.999999999999986
7149,hold,C_w50,0.9851455733808675,1.0,0.9888591800356507,37.77183600713012
7149,hold,C_b09,0.9851455733808675,1.0,0.9888591800356507,37.77183600713012
